wavelength,absorbance,bonds
599.860365,0.001443,"C-H, C-F"
601.789176,0.000592,"C-H, C-F"
603.717988,0.000029,"C-H, C-F"
605.646799,-0.000131,"C-H, C-F"
607.575611,0.000126,"C-H, C-F"
609.504422,0.000356,"C-H, C-F"
611.433234,0.000552,"C-H, C-F"
613.362045,0.000713,"C-H, C-F"
615.290857,0.000552,"C-H, C-F"
617.219668,0.000597,"C-H, C-F"
619.148479,0.000728,"C-H, C-F"
621.077291,0.000692,"C-H, C-F"
623.006102,0.000754,"C-H, C-F"
624.934914,0.001023,"C-H, C-F"
626.863725,0.001968,"C-H, C-F"
628.792537,0.002907,"C-H, C-F"
630.721348,0.002876,"C-H, C-F"
632.65016,0.002341,"C-H, C-F"
634.578971,0.00229,"C-H, C-F"
636.507783,0.002576,"C-H, C-F"
638.436594,0.002478,"C-H, C-F"
640.365406,0.003142,"C-H, C-F"
642.294217,0.003845,"C-H, C-F"
644.223028,0.002804,"C-H, C-F"
646.15184,0.002372,"C-H, C-F"
648.080651,0.003314,"C-H, C-F"
650.009463,0.003234,"C-H, C-F"
651.938274,0.003055,"C-H, C-F"
653.867086,0.003742,"C-H, C-F"
655.795897,0.003658,"C-H, C-F"
657.724709,0.002874,"C-H, C-F"
659.65352,0.002129,"C-H, C-F"
661.582332,0.001814,"C-H, C-F"
663.511143,0.002067,"C-H, C-F"
665.439955,0.001962,"C-H, C-F"
667.368766,0.001657,"C-H, C-F"
669.297577,0.001593,"C-H, C-F"
671.226389,0.001535,"C-H, C-F"
673.1552,0.001443,"C-H, C-F"
675.084012,0.001213,"C-H, C-F"
677.012823,0.001279,"C-H, C-F"
678.941635,0.001602,"C-H, C-F"
680.870446,0.001375,"C-H, C-F"
682.799258,0.000737,"C-H, C-F"
684.728069,0.00035,"C-H, C-F"
686.656881,0.000317,"C-H, C-F"
688.585692,0.000379,"C-H, C-F"
690.514504,0.000437,"C-H, C-F"
692.443315,0.000457,"C-H, C-F"
694.372126,0.000428,"C-H, C-F"
696.300938,0.000387,"C-H, C-F"
698.229749,0.000289,"C-H, C-F"
700.158561,0.00021,C-H
702.087372,0.000148,C-H
704.016184,-0.000005,C-H
705.944995,0.000039,C-H
707.873807,0.000171,C-H
709.802618,0.000332,C-H
711.73143,0.000751,C-H
713.660241,0.001051,C-H
715.589053,0.001014,C-H
717.517864,0.001121,C-H
719.446675,0.001355,C-H
721.375487,0.001419,C-H
723.304298,0.001422,C-H
725.23311,0.001356,C-H
727.161921,0.001133,C-H
729.090733,0.001025,C-H
731.019544,0.001048,C-H
732.948356,0.001026,C-H
734.877167,0.001062,C-H
736.805979,0.000915,C-H
738.73479,0.000761,C-H
740.663602,0.00089,C-H
742.592413,0.000541,C-H
744.521224,0.000018,C-H
746.450036,0.000184,C-H
748.378847,0.000665,C-H
750.307659,0.000949,C-H
752.23647,0.000946,C-H
754.165282,0.000903,C-H
756.094093,0.001004,C-H
758.022905,0.001255,C-H
759.951716,0.001527,C-H
761.880528,0.00154,C-H
763.809339,0.001482,C-H
765.738151,0.001501,C-H
767.666962,0.001282,C-H
769.595773,0.000845,C-H
771.524585,0.000567,C-H
773.453396,0.00047,C-H
775.382208,0.000342,C-H
777.311019,0.000195,C-H
779.239831,0.000112,C-H
781.168642,0.000142,C-H
783.097454,0.000247,C-H
785.026265,0.000467,C-H
786.955077,0.000729,C-H
788.883888,0.000955,C-H
790.8127,0.00134,C-H
792.741511,0.001907,C-H
794.670323,0.002624,C-H
796.599134,0.00378,C-H
798.527945,0.005316,C-H
800.456757,0.007002,C-H
802.385568,0.00892,C-H
804.31438,0.010856,C-H
806.243191,0.012446,C-H
808.172003,0.013725,C-H
810.100814,0.014799,C-H
812.029626,0.015768,C-H
813.958437,0.016596,C-H
815.887249,0.017192,C-H
817.81606,0.017706,C-H
819.744872,0.018105,C-H
821.673683,0.01832,C-H
823.602494,0.018557,C-H
825.531306,0.01899,C-H
827.460117,0.019588,C-H
829.388929,0.020089,C-H
831.31774,0.020211,C-H
833.246552,0.019664,C-H
835.175363,0.018319,C-H
837.104175,0.016383,C-H
839.032986,0.014008,C-H
840.961798,0.011603,C-H
842.890609,0.009562,C-H
844.819421,0.007925,C-H
846.748232,0.006792,C-H
848.677043,0.005962,C-H
850.605855,0.005278,C-H
852.534666,0.004895,C-H
854.463478,0.004699,C-H
856.392289,0.00442,C-H
858.321101,0.004105,C-H
860.249912,0.003933,C-H
862.178724,0.003883,C-H
864.107535,0.003949,C-H
866.036347,0.00411,C-H
867.965158,0.00426,C-H
869.89397,0.004458,C-H
871.822781,0.004764,C-H
873.751592,0.005129,C-H
875.680404,0.005542,C-H
877.609215,0.005978,C-H
879.538027,0.006381,C-H
881.466838,0.006732,C-H
883.39565,0.007046,C-H
885.324461,0.007237,C-H
887.253273,0.007277,C-H
889.182084,0.007307,C-H
891.110896,0.007336,C-H
893.039707,0.007309,C-H
894.968519,0.00721,C-H
896.89733,0.007051,C-H
898.826141,0.006898,C-H
900.754953,0.006744,C-H
902.683764,0.00658,C-H
904.612576,0.00644,C-H
906.541387,0.00633,C-H
908.470199,0.006247,C-H
910.39901,0.006145,C-H
912.327822,0.006007,C-H
914.256633,0.005861,C-H
916.185445,0.005741,C-H
918.114256,0.005633,C-H
920.043068,0.005512,C-H
921.971879,0.005437,C-H
923.90069,0.005373,C-H
925.829502,0.005281,C-H
927.758313,0.005192,C-H
929.687125,0.005102,C-H
931.615936,0.005083,C-H
933.544748,0.005095,C-H
935.473559,0.00506,C-H
937.402371,0.005032,C-H
939.331182,0.00502,C-H
941.259994,0.005078,C-H
943.188805,0.005169,C-H
945.117617,0.005226,C-H
947.046428,0.005332,C-H
948.97524,0.005462,C-H
950.904051,0.005564,C-H
952.832862,0.005628,C-H
954.761674,0.005688,C-H
956.690485,0.005804,C-H
958.619297,0.005897,C-H
960.548108,0.005949,C-H
962.47692,0.006009,C-H
964.405731,0.006057,C-F
966.334543,0.006106,C-F
968.263354,0.006168,C-F
970.192166,0.006239,C-F
972.120977,0.006296,C-F
974.049789,0.006339,C-F
975.9786,0.006378,C-F
977.907411,0.006417,C-F
979.836223,0.006507,C-F
981.765034,0.006606,C-F
983.693846,0.006716,C-F
985.622657,0.006921,C-F
987.551469,0.007147,C-F
989.48028,0.007361,C-F
991.409092,0.007698,C-F
993.337903,0.008163,C-F
995.266715,0.00863,C-F
997.195526,0.00909,C-F
999.124338,0.009584,C-F
1001.053149,0.0101,C-F
1002.98196,0.010617,C-F
1004.910772,0.011139,C-F
1006.839583,0.011735,C-F
1008.768395,0.012435,C-F
1010.697206,0.013198,C-F
1012.626018,0.014021,C-F
1014.554829,0.014879,C-F
1016.483641,0.015726,C-F
1018.412452,0.016519,C-F
1020.341264,0.017194,C-F
1022.270075,0.017727,C-F
1024.198887,0.018105,C-F
1026.127698,0.018344,C-F
1028.056509,0.01851,C-F
1029.985321,0.018599,C-F
1031.914132,0.018591,C-F
1033.842944,0.018509,C-F
1035.771755,0.018345,C-F
1037.700567,0.018093,C-F
1039.629378,0.017745,C-F
1041.55819,0.017265,C-F
1043.487001,0.016727,C-F
1045.415813,0.016198,C-F
1047.344624,0.015651,C-F
1049.273436,0.01513,C-F
1051.202247,0.014682,C-F
1053.131058,0.014296,C-F
1055.05987,0.013966,C-F
1056.988681,0.013678,C-F
1058.917493,0.013427,C-F
1060.846304,0.013251,C-F
1062.775116,0.013155,C-F
1064.703927,0.013075,C-F
1066.632739,0.013011,C-F
1068.56155,0.012972,C-F
1070.490362,0.012948,C-F
1072.419173,0.013039,C-F
1074.347985,0.013264,C-F
1076.276796,0.013552,C-F
1078.205607,0.013958,C-F
1080.134419,0.014561,C-F
1082.06323,0.015336,C-F
1083.992042,0.016188,C-F
1085.920853,0.017092,C-F
1087.849665,0.018,C-F
1089.778476,0.018736,C-F
1091.707288,0.019127,C-F
1093.636099,0.019063,C-F
1095.564911,0.018542,C-F
1097.493722,0.017673,C-F
1099.422534,0.016572,C-F
1101.351345,0.015353,C-F
1103.280156,0.014155,C-F
1105.208968,0.013031,C-F
1107.137779,0.012002,C-F
1109.066591,0.011169,C-F
1110.995402,0.010491,C-F
1112.924214,0.009858,C-F
1114.853025,0.00934,C-F
1116.781837,0.008948,C-F
1118.710648,0.008616,C-F
1120.63946,0.008345,C-F
1122.568271,0.008128,C-F
1124.497083,0.00796,C-F
1126.425894,0.007834,C-F
1128.354706,0.007735,C-F
1130.283517,0.007693,C-F
1132.212328,0.007721,C-F
1134.14114,0.007814,C-F
1136.069951,0.008051,C-F
1137.998763,0.008425,C-F
1139.927574,0.008837,C-F
1141.856386,0.009216,C-F
1143.785197,0.009359,C-F
1145.714009,0.009006,C-F
1147.64282,0.008029,C-F
1149.571632,0.006526,C-F
1151.500443,0.004841,C-F
1153.429255,0.00329,C-F
1155.358066,0.002072,C-F
1157.286877,0.001272,C-F
1159.215689,0.000779,C-F
1161.1445,0.000449,C-F
1163.073312,0.000221,C-F
1165.002123,0.00008,C-F
1166.930935,0.000019,C-F
1168.859746,-0.000031,C-F
1170.788558,-0.000057,C-F
1172.717369,-0.000033,C-F
1174.646181,0.000014,C-H
1176.574992,0.000108,C-H
1178.503804,0.000211,C-H
1180.432615,0.000304,C-H
1182.361426,0.000405,C-H
1184.290238,0.000452,C-H
1186.219049,0.000446,C-H
1188.147861,0.000407,C-H
1190.076672,0.000348,C-H
1192.005484,0.000298,C-H
1193.934295,0.000233,C-H
1195.863107,0.000183,C-H
1197.791918,0.000168,C-H
1199.72073,0.000151,C-H
1201.649541,0.00013,C-H
1203.578353,0.000123,C-H
1205.507164,0.000139,C-H
1207.435975,0.00017,C-H
1209.364787,0.000205,C-H
1211.293598,0.000227,C-H
1213.22241,0.000255,C-H
1215.151221,0.000355,C-H
1217.080033,0.000532,C-H
1219.008844,0.000712,C-H
1220.937656,0.000879,C-H
1222.866467,0.00112,C-H
1224.795279,0.001414,C-H
1226.72409,0.001669,C-H
1228.652902,0.001943,C-H
1230.581713,0.002194,C-H
1232.510524,0.002265,C-H
1234.439336,0.002206,C-H
1236.368147,0.002093,C-H
1238.296959,0.001938,C-H
1240.22577,0.00183,C-H
1242.154582,0.001807,C-H
1244.083393,0.001818,C-H
1246.012205,0.001828,C-H
1247.941016,0.001818,C-H
1249.869828,0.001798,C-H
1251.798639,0.001762,C-H
1253.727451,0.001676,C-H
1255.656262,0.001518,C-H
1257.585073,0.001345,C-H
1259.513885,0.001188,C-H
1261.442696,0.000998,C-H
1263.371508,0.000778,C-H
1265.300319,0.00058,C-H
1267.229131,0.000425,C-H
1269.157942,0.000297,C-H
1271.086754,0.000184,C-H
1273.015565,0.000121,C-H
1274.944377,0.000109,C-H
1276.873188,0.00008,C-H
1278.802,0.000018,C-H
1280.730811,-0.000006,C-H
1282.659622,0.000011,C-H
1284.588434,0.00001,C-H
1286.517245,0.000019,C-H
1288.446057,0.000025,C-H
1290.374868,-0.000008,C-H
1292.30368,-0.000012,C-H
1294.232491,0.000015,C-H
1296.161303,0.000016,C-H
1298.090114,0.000023,C-H
1300.018926,0.000038,C-H
1301.947737,0.000038,C-H
1303.876549,0.000057,C-H
1305.80536,0.000077,C-H
1307.734172,0.000043,C-H
1309.662983,0.000011,C-H
1311.591794,0.000009,C-H
1313.520606,0.000017,C-H
1315.449417,0.000035,C-H
1317.378229,0.000033,C-H
1319.30704,0.000043,C-H
1321.235852,0.000098,C-H
1323.164663,0.000135,C-H
1325.093475,0.000173,C-H
1327.022286,0.000246,C-H
1328.951098,0.000296,C-H
1330.879909,0.000346,C-H
1332.808721,0.000466,C-H
1334.737532,0.00064,C-H
1336.666343,0.000859,C-H
1338.595155,0.001134,C-H
1340.523966,0.001471,C-H
1342.452778,0.001861,C-H
1344.381589,0.002286,C-H
1346.310401,0.002729,C-H
1348.239212,0.00311,C-H
1350.168024,0.00334,C-H
1352.096835,0.003435,C-H
1354.025647,0.003466,C-H
1355.954458,0.003467,C-H
1357.88327,0.003448,C-H
1359.812081,0.003468,C-H
1361.740892,0.003554,C-H
1363.669704,0.003651,C-H
1365.598515,0.003714,C-H
1367.527327,0.00374,C-H
1369.456138,0.003711,C-H
1371.38495,0.003591,C-H
1373.313761,0.003376,C-H
1375.242573,0.003061,C-H
1377.171384,0.002682,C-H
1379.100196,0.002333,C-H
1381.029007,0.002083,C-H
1382.957819,0.001933,C-H
1384.88663,0.001881,C-H
1386.815441,0.001937,C-H
1388.744253,0.002053,C-H
1390.673064,0.00219,C-H
1392.601876,0.002409,C-H
1394.530687,0.002731,C-H
1396.459499,0.003079,C-H
1398.38831,0.003482,C-H
1400.317122,0.004025,C-H
1402.245933,0.004662,C-H
1404.174745,0.005301,C-H
1406.103556,0.005877,C-H
1408.032368,0.006304,C-H
1409.961179,0.006452,C-H
1411.88999,0.006241,C-H
1413.818802,0.00572,C-H
1415.747613,0.005059,C-H
1417.676425,0.004467,C-H
1419.605236,0.004096,C-H
1421.534048,0.004048,C-H
1423.462859,0.004293,C-H
1425.391671,0.004591,C-H
1427.320482,0.004638,C-H
1429.249294,0.00429,C-H
1431.178105,0.003674,C-H
1433.106917,0.003054,C-H
1435.035728,0.002617,C-H
1436.964539,0.002328,C-H
1438.893351,0.002087,C-H
1440.822162,0.001989,C-H
1442.750974,0.002086,C-H
1444.679785,0.002305,C-H
1446.608597,0.002475,C-H
1448.537408,0.002329,C-H
1450.46622,0.001865,C-H
1452.395031,0.001327,C-H
1454.323843,0.000922,C-H
1456.252654,0.000693,C-H
1458.181466,0.000537,C-H
1460.110277,0.000399,C-H
1462.039089,0.000313,C-H
1463.9679,0.000269,C-H
1465.896711,0.0002,C-H
1467.825523,0.000131,C-H
1469.754334,0.000123,C-H
1471.683146,0.000134,C-H
1473.611957,0.00012,C-H
1475.540769,0.000083,C-H
1477.46958,0.000037,C-H
1479.398392,0.000025,C-H
1481.327203,0.000044,C-H
1483.256015,0.000053,
1485.184826,0.000056,
1487.113638,0.000076,
1489.042449,0.000082,
1490.97126,0.00006,
1492.900072,0.000049,
1494.828883,0.000064,
1496.757695,0.000079,
1498.686506,0.00007,
1500.615318,0.000081,
1502.544129,0.000143,
1504.472941,0.000224,
1506.401752,0.000314,
1508.330564,0.000381,
1510.259375,0.000392,
1512.188187,0.000344,
1514.116998,0.000263,
1516.045809,0.000184,
1517.974621,0.00011,
1519.903432,0.000078,
1521.832244,0.000073,
1523.761055,0.00002,
1525.689867,-0.000008,
1527.618678,0.000011,
1529.54749,-0.000023,
1531.476301,-0.000046,
1533.405113,-0.000007,
1535.333924,0,
1537.262736,0.000006,
1539.191547,0.00006,
1541.120358,0.000059,
1543.04917,0.000014,
1544.977981,-0.000003,
1546.906793,-0.000016,
1548.835604,-0.000035,
1550.764416,-0.000043,
1552.693227,-0.000036,
1554.622039,-0.000027,
1556.55085,0.000013,
1558.479662,0.000087,
1560.408473,0.000076,
1562.337285,0.000001,
1564.266096,-0.000026,
1566.194907,-0.000025,
1568.123719,-0.000017,
1570.05253,-0.000011,
1571.981342,-0.000025,
1573.910153,0.00001,
1575.838965,0.000071,
1577.767776,0.000057,
1579.696588,0.000015,
1581.625399,0.000008,
1583.554211,0.000014,
1585.483022,0.000019,
1587.411834,0.000018,
1589.340645,0.000025,
1591.269456,0.000046,
1593.198268,0.00005,
1595.127079,0.00005,
1597.055891,0.000083,
1598.984702,0.00011,
1600.913514,0.000087,
1602.842325,0.000061,
1604.771137,0.000088,
1606.699948,0.000129,
1608.62876,0.000123,
1610.557571,0.000095,
1612.486383,0.000087,
1614.415194,0.000116,
1616.344005,0.000137,
1618.272817,0.00009,
1620.201628,0.000038,
1622.13044,0.000041,
1624.059251,0.000054,
1625.988063,0.00005,
1627.916874,0.00004,
1629.845686,0.000011,
1631.774497,-0.000024,
1633.703309,0.000013,
1635.63212,0.000082,
1637.560932,0.000069,
1639.489743,0.000028,
1641.418555,0.000021,
1643.347366,-0.000007,
1645.276177,-0.000007,
1647.204989,-0.000004,
1649.1338,-0.00007,
1651.062612,-0.000041,
1652.991423,0.000085,
1654.920235,0.00007,
1656.849046,-0.000033,
1658.777858,-0.000071,
1660.706669,-0.000053,
1662.635481,-0.00002,
1664.564292,-0.000029,
1666.493104,-0.000063,
1668.421915,-0.000053,
1670.350726,-0.000031,
1672.279538,-0.000038,
1674.208349,-0.000032,
1676.137161,-0.000027,
1678.065972,-0.00004,
1679.994784,-0.00004,
1681.923595,0.000006,
1683.852407,0.000078,
1685.781218,0.000057,
1687.71003,-0.000027,
1689.638841,-0.00006,
1691.567653,-0.000075,
1693.496464,-0.000017,
1695.425275,0.000067,
1697.354087,0.000052,
1699.282898,0.000065,
1701.21171,0.000081,
1703.140521,0.000015,
1705.069333,-0.000004,
1706.998144,0.00001,
1708.926956,-0.000007,
1710.855767,-0.000006,
1712.784579,-0.000027,
1714.71339,-0.000045,
1716.642202,0.000024,
1718.571013,0.000057,
1720.499824,-0.000003,
1722.428636,-0.000032,
1724.357447,-0.000035,
1726.286259,-0.000045,
1728.21507,-0.000046,
1730.143882,-0.000059,
1732.072693,-0.000024,
1734.001505,0.00005,
1735.930316,0.000058,
1737.859128,0.000017,
1739.787939,-0.000001,
1741.716751,0.000004,
1743.645562,0.000011,
1745.574373,0.000004,
1747.503185,-0.000019,
1749.431996,-0.000028,
1751.360808,-0.000011,
1753.289619,0.000001,
1755.218431,0.000012,
1757.147242,0.00001,
1759.076054,-0.000014,
1761.004865,0.000004,
1762.933677,0.000023,
1764.862488,-0.000002,
1766.7913,-0.000005,
1768.720111,-0.000015,
1770.648922,-0.000015,
1772.577734,0.000023,
1774.506545,0.000012,
1776.435357,-0.000014,
1778.364168,0.000003,
1780.29298,0.000014,
1782.221791,0.000014,
1784.150603,0.000015,
1786.079414,0.000028,
1788.008226,0.000052,
1789.937037,0.000044,
1791.865849,0.000025,
1793.79466,0.000015,
1795.723471,-0.000012,
1797.652283,-0.00002,
1799.581094,-0.000002,
1801.509906,0,
1803.438717,0,
1805.367529,0.000003,
1807.29634,-0.000001,
1809.225152,0.000002,
1811.153963,0.000017,
1813.082775,0.000038,
1815.011586,0.000036,
1816.940398,0.000023,
1818.869209,0.000015,
1820.798021,0,
1822.726832,0.000008,
1824.655643,0.000024,
1826.584455,0.000017,
1828.513266,0.000041,
1830.442078,0.000075,
1832.370889,0.000055,
1834.299701,0.000026,
1836.228512,0.000023,
1838.157324,0.000022,
1840.086135,0.000009,
1842.014947,0.000017,
1843.943758,0.000037,
1845.87257,0.000009,
1847.801381,-0.00002,
1849.730192,-0.000002,
1851.659004,0.000034,
1853.587815,0.000033,
1855.516627,-0.000002,
1857.445438,0.000007,
1859.37425,0.00004,
1861.303061,0.000046,
1863.231873,0.00003,
1865.160684,0.000002,
1867.089496,-0.000013,
1869.018307,0.000002,
1870.947119,0.000019,
1872.87593,0.00001,
1874.804741,-0.000004,
1876.733553,-0.000007,
1878.662364,0.000001,
1880.591176,0.000012,
1882.519987,-0.000013,
1884.448799,-0.000048,
1886.37761,-0.000053,
1888.306422,-0.000035,
1890.235233,-0.000009,
1892.164045,-0.000007,
1894.092856,-0.000017,
1896.021668,-0.000013,
1897.950479,-0.000012,
1899.87929,-0.000016,
1901.808102,-0.000003,
1903.736913,0.000022,
1905.665725,0.000022,
1907.594536,0.000023,
1909.523348,0.000038,
1911.452159,0.00002,
1913.380971,-0.000015,
1915.309782,-0.000021,
1917.238594,0.000006,
1919.167405,0.00001,
1921.096217,-0.000022,
1923.025028,-0.00001,
1924.953839,0.000016,
1926.882651,-0.000003,
1928.811462,-0.000014,
1930.740274,-0.00001,
1932.669085,-0.000009,
1934.597897,-0.000001,
1936.526708,0,
1938.45552,0.000001,
1940.384331,0.000013,
1942.313143,0.000028,
1944.241954,0.000038,
1946.170766,0.000052,
1948.099577,0.000058,
1950.028388,0.000048,
1951.9572,0.000048,
1953.886011,0.000034,
1955.814823,0.000028,
1957.743634,0.000048,
1959.672446,0.000036,
1961.601257,0.000022,
1963.530069,0.000024,
1965.45888,0.00003,
1967.387692,0.000048,
1969.316503,0.00004,
1971.245315,0.000012,
1973.174126,0.000008,
1975.102938,0.000032,
1977.031749,0.000051,
1978.96056,0.000049,
1980.889372,0.000052,
1982.818183,0.000036,
1984.746995,0,
1986.675806,-0.000016,
1988.604618,-0.000026,
1990.533429,0,
1992.462241,0.000055,
1994.391052,0.000057,
1996.319864,0.000023,
1998.248675,0.000016,
2000.177487,0.000027,
2002.106298,0.000033,
2004.035109,0.000048,
2005.963921,0.00007,
2007.892732,0.000058,
2009.821544,0.000041,
2011.750355,0.000048,
2013.679167,0.000035,
2015.607978,0.000011,
2017.53679,0.000012,
2019.465601,0.00002,
2021.394413,0.000035,
2023.323224,0.000058,
2025.252036,0.000052,
2027.180847,0.000014,
2029.109658,-0.000009,
2031.03847,0.000024,
2032.967281,0.000063,
2034.896093,0.000035,
2036.824904,0.000002,
2038.753716,0.000014,
2040.682527,0.000007,
2042.611339,-0.000001,
2044.54015,0.000029,
2046.468962,0.000046,
2048.397773,0.000037,
2050.326585,0.000026,
2052.255396,0.000004,
2054.184207,-0.000007,
2056.113019,0.000008,
2058.04183,0.000011,
2059.970642,0.000016,
2061.899453,0.000029,
2063.828265,0.00002,
2065.757076,0.000006,
2067.685888,0.00002,
2069.614699,0.00004,
2071.543511,0.000024,
2073.472322,0.000006,
2075.401134,0.000013,
2077.329945,0.000012,
2079.258756,0.000019,
2081.187568,0.000039,
2083.116379,0.000027,
2085.045191,0.000011,
2086.974002,0.000028,
2088.902814,0.00002,
2090.831625,-0.000026,
2092.760437,-0.000037,
2094.689248,-0.000021,
2096.61806,-0.000018,
2098.546871,-0.000007,
2100.475683,0.000003,
2102.404494,0.000006,
2104.333305,0.000014,
2106.262117,0.000009,
2108.190928,0.000017,
2110.11974,0.000035,
2112.048551,0.000017,
2113.977363,0.000004,
2115.906174,-0.000017,
2117.834986,-0.000059,
2119.763797,-0.000045,
2121.692609,-0.000028,
2123.62142,-0.000043,
2125.550232,-0.000036,
2127.479043,-0.000041,
2129.407854,-0.000054,
2131.336666,-0.000038,
2133.265477,-0.000031,
2135.194289,-0.000031,
2137.1231,-0.000032,
2139.051912,-0.000068,
2140.980723,-0.000071,
2142.909535,-0.00002,
2144.838346,-0.000011,
2146.767158,-0.000024,
2148.695969,-0.000026,
2150.624781,-0.000055,
2152.553592,-0.000067,
2154.482404,-0.000048,
2156.411215,-0.00004,
2158.340026,-0.000039,
2160.268838,-0.000034,
2162.197649,-0.000009,
2164.126461,0.000011,
2166.055272,0.00001,
2167.984084,0.000011,
2169.912895,0.00001,
2171.841707,0.000011,
2173.770518,0.000006,
2175.69933,-0.000007,
2177.628141,0.000016,
2179.556953,0.000012,
2181.485764,-0.000022,
2183.414575,-0.000002,
2185.343387,0.000004,
2187.272198,-0.000015,
2189.20101,0.000011,
2191.129821,0.000026,
2193.058633,0.000009,
2194.987444,0.000004,
2196.916256,0,
2198.845067,-0.000007,
2200.773879,0.000004,
2202.70269,0.000014,
2204.631502,0.000002,
2206.560313,-0.000006,
2208.489124,-0.000002,
2210.417936,-0.000005,
2212.346747,-0.00001,
2214.275559,-0.000005,
2216.20437,0.00001,
2218.133182,0.000022,
2220.061993,0.000017,
2221.990805,-0.000008,
2223.919616,-0.000016,
2225.848428,0.000015,
2227.777239,0.000021,
2229.706051,0,
2231.634862,0.000006,
2233.563673,0.000004,
2235.492485,-0.000024,
2237.421296,-0.000036,
2239.350108,-0.000042,
2241.278919,-0.000047,
2243.207731,-0.000029,
2245.136542,-0.000015,
2247.065354,-0.000035,
2248.994165,-0.000039,
2250.922977,-0.000005,
2252.851788,-0.000006,
2254.7806,-0.000046,
2256.709411,-0.000056,
2258.638222,-0.000055,
2260.567034,-0.000061,
2262.495845,-0.000046,
2264.424657,-0.000018,
2266.353468,0.000009,
2268.28228,0.000012,
2270.211091,-0.000029,
2272.139903,-0.000057,
2274.068714,-0.000033,
2275.997526,-0.000009,
2277.926337,-0.000003,
2279.855149,0.000006,
2281.78396,0,
2283.712771,-0.000011,
2285.641583,0.000016,
2287.570394,0.000041,
2289.499206,0.000022,
2291.428017,-0.000001,
2293.356829,0.000004,
2295.28564,0.000023,
2297.214452,0.000025,
2299.143263,-0.000009,
2301.072075,-0.000042,
2303.000886,-0.000029,
2304.929698,-0.000003,
2306.858509,-0.000005,
2308.78732,-0.000017,
2310.716132,-0.000024,
2312.644943,-0.000026,
2314.573755,-0.000028,
2316.502566,-0.000036,
2318.431378,-0.000033,
2320.360189,-0.000033,
2322.289001,-0.00003,
2324.217812,-0.000024,
2326.146624,-0.000052,
2328.075435,-0.000062,
2330.004247,-0.000053,
2331.933058,-0.000069,
2333.86187,-0.000044,
2335.790681,0.000003,
2337.719492,0.000003,
2339.648304,-0.000021,
2341.577115,-0.000028,
2343.505927,-0.000005,
2345.434738,0,
2347.36355,-0.000029,
2349.292361,-0.000031,
2351.221173,-0.000024,
2353.149984,-0.000036,
2355.078796,-0.00002,
2357.007607,-0.000009,
2358.936419,-0.000047,
2360.86523,-0.000072,
2362.794041,-0.000065,
2364.722853,-0.000039,
2366.651664,-0.000027,
2368.580476,-0.000061,
2370.509287,-0.000061,
2372.438099,-0.000022,
2374.36691,-0.000019,
2376.295722,-0.000021,
2378.224533,-0.000014,
2380.153345,-0.000002,
2382.082156,0.000011,
2384.010968,-0.000014,
2385.939779,-0.000022,
2387.86859,0.000012,
2389.797402,0.000011,
2391.726213,-0.000003,
2393.655025,0.000015,
2395.583836,0.000029,
2397.512648,0.000017,
2399.441459,0.000009,
2401.370271,0.000011,
2403.299082,0,
2405.227894,-0.000021,
2407.156705,-0.000023,
2409.085517,0.000003,
2411.014328,0.000015,
2412.943139,-0.000001,
2414.871951,0.000003,
2416.800762,0.000026,
2418.729574,0.000032,
2420.658385,0.000015,
2422.587197,0.000009,
2424.516008,0.000017,
2426.44482,0.000007,
2428.373631,0.00001,
2430.302443,0.000042,
2432.231254,0.000062,
2434.160066,0.00006,
2436.088877,0.000058,
2438.017688,0.000061,
2439.9465,0.000046,
2441.875311,0.000033,
2443.804123,0.000039,
2445.732934,0.000037,
2447.661746,0.000022,
2449.590557,0.000016,
2451.519369,0.000034,
2453.44818,0.000061,
2455.376992,0.000067,
2457.305803,0.000043,
2459.234615,0.000014,
2461.163426,0.000014,
2463.092237,0.000017,
2465.021049,0.000005,
2466.94986,0.000004,
2468.878672,0.000006,
2470.807483,0.000004,
2472.736295,0.000019,
2474.665106,0.000022,
2476.593918,0.000003,
2478.522729,0.000006,
2480.451541,0.000004,
2482.380352,-0.000014,
2484.309164,0.000001,
2486.237975,0.000021,
2488.166786,0.000006,
2490.095598,-0.000003,
2492.024409,0.000013,
2493.953221,0.000027,
2495.882032,0.000009,
2497.810844,-0.000028,
2499.739655,-0.000032,
2501.668467,-0.000001,
2503.597278,0.000027,
2505.52609,0.000034,
2507.454901,0.000024,
2509.383713,-0.000001,
2511.312524,-0.000025,
2513.241336,-0.000007,
2515.170147,0.000011,
2517.098958,0,
2519.02777,0.000012,
2520.956581,0.000028,
2522.885393,0.000034,
2524.814204,0.000046,
2526.743016,0.000041,
2528.671827,0.000022,
2530.600639,-0.000003,
2532.52945,-0.000007,
2534.458262,0.00002,
2536.387073,0.00003,
2538.315885,0.000042,
2540.244696,0.000054,
2542.173507,0.000019,
2544.102319,0.000007,
2546.03113,0.000039,
2547.959942,0.000052,
2549.888753,0.000051,
2551.817565,0.000049,
2553.746376,0.000031,
2555.675188,0.000016,
2557.603999,0.000022,
2559.532811,0.00002,
2561.461622,0.000009,
2563.390434,0.00004,
2565.319245,0.000048,
2567.248056,-0.000004,
2569.176868,-0.000016,
2571.105679,0.000015,
2573.034491,0.000037,
2574.963302,0.000044,
2576.892114,0.000041,
2578.820925,0.000053,
2580.749737,0.000062,
2582.678548,0.000042,
2584.60736,0.000033,
2586.536171,0.00002,
2588.464983,0.000001,
2590.393794,0.000003,
2592.322605,-0.000006,
2594.251417,-0.000002,
2596.180228,0.000026,
2598.10904,0.000009,
2600.037851,-0.000023,
2601.966663,-0.000017,
2603.895474,0.000001,
2605.824286,0.000003,
2607.753097,0.000009,
2609.681909,0.000019,
2611.61072,-0.000008,
2613.539532,-0.000042,
2615.468343,-0.000016,
2617.397154,0.000033,
2619.325966,0.000041,
2621.254777,0.000035,
2623.183589,0.00004,
2625.1124,0.000041,
2627.041212,0.000025,
2628.970023,-0.000009,
2630.898835,-0.000031,
2632.827646,-0.000027,
2634.756458,-0.00001,
2636.685269,-0.000004,
2638.614081,-0.000004,
2640.542892,0.000015,
2642.471703,0.000034,
2644.400515,0.000043,
2646.329326,0.00007,
2648.258138,0.000086,
2650.186949,0.000061,
2652.115761,0.000034,
2654.044572,0.000045,
2655.973384,0.000073,
2657.902195,0.000066,
2659.831007,0.000036,
2661.759818,0.00004,
2663.68863,0.000051,
2665.617441,0.000043,
2667.546253,0.000052,
2669.475064,0.00006,
2671.403875,0.000056,
2673.332687,0.000087,
2675.261498,0.000126,
2677.19031,0.000109,
2679.119121,0.000076,
2681.047933,0.00007,
2682.976744,0.000065,
2684.905556,0.000069,
2686.834367,0.00009,
2688.763179,0.00009,
2690.69199,0.000089,
2692.620802,0.000108,
2694.549613,0.000088,
2696.478424,0.000046,
2698.407236,0.000053,
2700.336047,0.000079,
2702.264859,0.000085,
2704.19367,0.000089,
2706.122482,0.000097,
2708.051293,0.000117,
2709.980105,0.000153,
2711.908916,0.000135,
2713.837728,0.000074,
2715.766539,0.000066,
2717.695351,0.000095,
2719.624162,0.000108,
2721.552973,0.000081,
2723.481785,0.000033,
2725.410596,0.000038,
2727.339408,0.000077,
2729.268219,0.000075,
2731.197031,0.000056,
2733.125842,0.000074,
2735.054654,0.000096,
2736.983465,0.00008,
2738.912277,0.000062,
2740.841088,0.000045,
2742.7699,0.000026,
2744.698711,0.000043,
2746.627522,0.00007,
2748.556334,0.000067,
2750.485145,0.000046,
2752.413957,0.000044,
2754.342768,0.000075,
2756.27158,0.000079,
2758.200391,0.000046,
2760.129203,0.000041,
2762.058014,0.000059,
2763.986826,0.000046,
2765.915637,0.000021,
2767.844449,0.000036,
2769.77326,0.00007,
2771.702071,0.000065,
2773.630883,0.00003,
2775.559694,0.000017,
2777.488506,0.00004,
2779.417317,0.000055,
2781.346129,0.000043,
2783.27494,0.000062,
2785.203752,0.000068,
2787.132563,0.000028,
2789.061375,0.000017,
2790.990186,0.000029,
2792.918998,0.000024,
2794.847809,0.000013,
2796.77662,0.000017,
2798.705432,0.000019,
2800.634243,0.000024,
2802.563055,0.00004,
2804.491866,0.000023,
2806.420678,0.000001,
2808.349489,0.000015,
2810.278301,0.000001,
2812.207112,0.000007,
2814.135924,0.000049,
2816.064735,0.000044,
2817.993547,0.000032,
2819.922358,0.000042,C-H
2821.851169,0.000033,C-H
2823.779981,0.000014,C-H
2825.708792,0.000017,C-H
2827.637604,0.000056,C-H
2829.566415,0.000081,C-H
2831.495227,0.000043,C-H
2833.424038,-0.000005,C-H
2835.35285,-0.000007,C-H
2837.281661,0.000043,C-H
2839.210473,0.000089,C-H
2841.139284,0.000076,C-H
2843.068096,0.000039,C-H
2844.996907,0.000041,C-H
2846.925719,0.000074,C-H
2848.85453,0.000104,C-H
2850.783341,0.000117,C-H
2852.712153,0.000094,C-H
2854.640964,0.000077,C-H
2856.569776,0.000093,C-H
2858.498587,0.0001,C-H
2860.427399,0.000092,C-H
2862.35621,0.000071,C-H
2864.285022,0.000061,C-H
2866.213833,0.000071,C-H
2868.142645,0.000062,C-H
2870.071456,0.000045,C-H
2872.000268,0.000021,C-H
2873.929079,0.000024,C-H
2875.85789,0.000074,C-H
2877.786702,0.000108,C-H
2879.715513,0.000119,C-H
2881.644325,0.000112,C-H
2883.573136,0.00011,C-H
2885.501948,0.000156,C-H
2887.430759,0.000161,C-H
2889.359571,0.000082,C-H
2891.288382,0.000041,C-H
2893.217194,0.00009,C-H
2895.146005,0.000146,C-H
2897.074817,0.000162,C-H
2899.003628,0.000178,C-H
2900.932439,0.000176,C-H
2902.861251,0.000169,C-H
2904.790062,0.000223,C-H
2906.718874,0.000266,C-H
2908.647685,0.000298,C-H
2910.576497,0.000373,C-H
2912.505308,0.000423,C-H
2914.43412,0.000475,C-H
2916.362931,0.000563,C-H
2918.291743,0.000643,C-H
2920.220554,0.000736,C-H
2922.149366,0.000811,C-H
2924.078177,0.000829,C-H
2926.006988,0.000852,C-H
2927.9358,0.000889,C-H
2929.864611,0.000921,C-H
2931.793423,0.000936,C-H
2933.722234,0.000923,C-H
2935.651046,0.000947,C-H
2937.579857,0.000976,C-H
2939.508669,0.000917,C-H
2941.43748,0.000856,C-H
2943.366292,0.000851,C-H
2945.295103,0.000869,C-H
2947.223915,0.000894,C-H
2949.152726,0.000868,C-H
2951.081537,0.000841,C-H
2953.010349,0.000879,C-H
2954.93916,0.000892,C-H
2956.867972,0.000871,C-H
2958.796783,0.000877,C-H
2960.725595,0.000865,C-H
2962.654406,0.000842,C-H
2964.583218,0.000863,C-H
2966.512029,0.000895,C-H
2968.440841,0.000881,C-H
2970.369652,0.000835,C-H
2972.298464,0.000813,C-H
2974.227275,0.0008,C-H
2976.156086,0.000789,C-H
2978.084898,0.000762,C-H
2980.013709,0.00065,C-H
2981.942521,0.000534,
2983.871332,0.000469,
2985.800144,0.000389,
2987.728955,0.000294,
2989.657767,0.000222,
2991.586578,0.000177,
2993.51539,0.000119,
2995.444201,0.000077,
2997.373013,0.000075,
2999.301824,0.000042,
3001.230635,0.000006,
3003.159447,0.00001,
3005.088258,0.000009,
3007.01707,-0.000008,
3008.945881,0.000015,
3010.874693,0.000086,
3012.803504,0.000118,
3014.732316,0.000143,
3016.661127,0.000175,
3018.589939,0.000127,
3020.51875,0.000043,
3022.447562,-0.000003,
3024.376373,-0.000006,
3026.305185,0.000007,
3028.233996,-0.000006,
3030.162807,-0.000017,
3032.091619,-0.000013,
3034.02043,-0.000027,
3035.949242,-0.000045,
3037.878053,-0.000018,
3039.806865,0.000024,
3041.735676,0.00003,
3043.664488,0.000012,
3045.593299,-0.000003,
3047.522111,0.000011,
3049.450922,0.000025,
3051.379734,0.00003,
3053.308545,0.000039,
3055.237356,0.000034,
3057.166168,0.000047,
3059.094979,0.000031,
3061.023791,-0.000026,
3062.952602,-0.000023,
3064.881414,0.000021,
3066.810225,0.000065,
3068.739037,0.000086,
3070.667848,0.000039,
3072.59666,-0.000017,
3074.525471,-0.00001,
3076.454283,0.000007,
3078.383094,-0.000015,
3080.311905,-0.000016,
3082.240717,0.000021,
3084.169528,0.000063,
3086.09834,0.000082,
3088.027151,0.000028,
3089.955963,-0.000023,
3091.884774,0.000007,
3093.813586,0.000036,
3095.742397,0.000046,
3097.671209,0.000028,
3099.60002,-0.000025,
3101.528832,-0.000006,
3103.457643,0.00005,
3105.386454,0.000045,
3107.315266,0.000026,
3109.244077,0.000031,
3111.172889,0.000056,
3113.1017,0.000046,
3115.030512,0.000028,
3116.959323,0.000062,
3118.888135,0.000057,
3120.816946,0.00003,
3122.745758,0.000027,
3124.674569,0.000024,
3126.603381,0.000052,
3128.532192,0.000072,
3130.461003,0.000049,
3132.389815,0.000021,
3134.318626,0.000018,
3136.247438,0.000062,
3138.176249,0.000092,
3140.105061,0.000053,
3142.033872,0.000009,
3143.962684,0.000011,
3145.891495,0.000014,
3147.820307,0.00001,
3149.749118,0.000046,
3151.67793,0.000063,
3153.606741,0.000026,
3155.535552,0.000026,
3157.464364,0.000039,
3159.393175,0.000004,
3161.321987,-0.000025,
3163.250798,-0.000021,
3165.17961,0.000012,
3167.108421,0.000041,
3169.037233,0.000049,
3170.966044,0.000055,
3172.894856,0.000021,
3174.823667,-0.000001,
3176.752479,0.000023,
3178.68129,-0.000006,
3180.610102,-0.000042,
3182.538913,-0.000026,
3184.467724,-0.00004,
3186.396536,-0.000053,
3188.325347,-0.000018,
3190.254159,-0.000005,
3192.18297,0.000021,
3194.111782,0.000078,
3196.040593,0.000067,
3197.969405,0.000011,
3199.898216,-0.000004,
3201.827028,0.000024,
3203.755839,0.000034,
3205.684651,0.000009,
3207.613462,-0.000005,
3209.542273,-0.000018,
3211.471085,0.000003,
3213.399896,0.000046,
3215.328708,0.00003,
3217.257519,0.000017,
3219.186331,0.000017,
3221.115142,0.000015,
3223.043954,0.000058,
3224.972765,0.000053,
3226.901577,-0.000006,
3228.830388,-0.000026,
3230.7592,-0.00005,
3232.688011,-0.000065,
3234.616822,0.000009,
3236.545634,0.000061,
3238.474445,0.000001,
3240.403257,-0.000018,
3242.332068,0.000032,
3244.26088,0.000009,
3246.189691,-0.000045,
3248.118503,-0.000018,
3250.047314,0.000019,
3251.976126,-0.00002,
3253.904937,-0.000055,
3255.833749,-0.000056,
3257.76256,-0.000085,
3259.691371,-0.000078,
3261.620183,-0.000014,
3263.548994,0.000017,
3265.477806,-0.000007,
3267.406617,-0.000029,
3269.335429,-0.000011,
3271.26424,0.000001,
3273.193052,-0.000007,
3275.121863,-0.000002,
3277.050675,-0.000037,
3278.979486,-0.000059,
3280.908298,-0.000017,
3282.837109,-0.000028,
3284.76592,-0.000071,
3286.694732,-0.000062,
3288.623543,-0.000048,
3290.552355,-0.000024,
3292.481166,0.000017,
3294.409978,0.000009,
3296.338789,-0.00002,
3298.267601,-0.000031,
3300.196412,-0.000039,
3302.125224,-0.000034,
3304.054035,-0.000051,
3305.982847,-0.000091,
3307.911658,-0.000064,
3309.840469,-0.00001,
3311.769281,-0.000005,
3313.698092,-0.000009,
3315.626904,-0.000019,
3317.555715,-0.000037,
3319.484527,-0.000055,
3321.413338,-0.000095,
3323.34215,-0.0001,
3325.270961,-0.000041,
3327.199773,0,
3329.128584,0.000018,
3331.057396,0.000066,
3332.986207,0.000085,
3334.915018,0.000013,
3336.84383,-0.000035,
3338.772641,0.000007,
3340.701453,0.000013,
3342.630264,-0.000025,
3344.559076,-0.000019,
3346.487887,0.000006,
3348.416699,0.000026,
3350.34551,0.00004,
3352.274322,0.000029,
3354.203133,-0.000015,
3356.131945,-0.000054,
3358.060756,-0.000026,
3359.989568,0.000009,
3361.918379,0.000023,
3363.84719,0.000044,
3365.776002,0.000029,
3367.704813,-0.000004,
3369.633625,-0.000039,
3371.562436,-0.000049,
3373.491248,0.000001,
3375.420059,0,
3377.348871,-0.000054,
3379.277682,-0.00005,
3381.206494,0.000001,
3383.135305,0.000038,
3385.064117,0.000025,
3386.992928,0.000021,
3388.921739,0.000038,
3390.850551,0.000018,
3392.779362,-0.000004,
3394.708174,-0.000006,
3396.636985,0.000001,
3398.565797,0.000015,
3400.494608,0.000013,
3402.42342,-0.000017,
3404.352231,-0.000039,
3406.281043,0.000001,
3408.209854,0.000055,
3410.138666,0.000036,
3412.067477,-0.000015,
3413.996288,-0.000031,
3415.9251,-0.000013,
3417.853911,0.000015,
3419.782723,0.000023,
3421.711534,0.000008,
3423.640346,0.000041,
3425.569157,0.000119,
3427.497969,0.000099,
3429.42678,0.000018,
3431.355592,0.000053,
3433.284403,0.000126,
3435.213215,0.000097,
3437.142026,0.000045,
3439.070837,0.000022,
3440.999649,0.000003,
3442.92846,0.000047,
3444.857272,0.000096,
3446.786083,0.000077,
3448.714895,0.00006,
3450.643706,0.000025,
3452.572518,-0.000008,
3454.501329,0.000034,
3456.430141,0.000031,
3458.358952,-0.000028,
3460.287764,-0.000024,
3462.216575,0.000001,
3464.145386,0.000008,
3466.074198,0.000007,
3468.003009,0.000003,
3469.931821,0.000015,
3471.860632,0.000041,
3473.789444,0.000067,
3475.718255,0.000061,
3477.647067,0.000042,
3479.575878,0.000043,
3481.50469,0.000004,
3483.433501,-0.000065,
3485.362313,-0.000048,
3487.291124,0.000009,
3489.219935,0.00001,
3491.148747,0.000004,
3493.077558,-0.000008,
3495.00637,-0.000024,
3496.935181,-0.000002,
3498.863993,-0.000003,
3500.792804,-0.000039,
3502.721616,-0.00009,
3504.650427,-0.000116,
3506.579239,-0.000078,
3508.50805,-0.000052,
3510.436862,-0.00003,
3512.365673,-0.000005,
3514.294484,-0.000016,
3516.223296,-0.000006,
3518.152107,0.00002,
3520.080919,0.000001,
3522.00973,-0.00006,
3523.938542,-0.000091,
3525.867353,-0.00006,
3527.796165,-0.00001,
3529.724976,0.000024,
3531.653788,0.000017,
3533.582599,-0.000026,
3535.511411,-0.000032,
3537.440222,0.000007,
3539.369034,-0.000039,
3541.297845,-0.000127,
3543.226656,-0.000068,
3545.155468,0.000027,
3547.084279,0.000038,
3549.013091,0.000055,
3550.941902,0.000052,
3552.870714,0.000003,
3554.799525,-0.00002,
3556.728337,-0.000008,
3558.657148,-0.00004,
3560.58596,-0.000122,
3562.514771,-0.000138,
3564.443583,-0.000078,
3566.372394,-0.000014,
3568.301205,0.000005,
3570.230017,-0.000042,
3572.158828,-0.000053,
3574.08764,0.000029,
3576.016451,0.000073,
3577.945263,0.000014,
3579.874074,-0.000079,
3581.802886,-0.000104,
3583.731697,-0.000022,
3585.660509,0.000039,
3587.58932,0.000009,
3589.518132,-0.000047,
3591.446943,-0.000078,
3593.375754,-0.000084,
3595.304566,-0.000082,
3597.233377,-0.000027,
3599.162189,0.000024,
3601.091,-0.000025,
3603.019812,-0.000059,
3604.948623,-0.000027,
3606.877435,0.000007,
3608.806246,0.000024,
3610.735058,0.000047,
3612.663869,0.000069,
3614.592681,0.000014,
3616.521492,-0.000013,
3618.450303,0.000057,
3620.379115,0.000034,
3622.307926,-0.000037,
3624.236738,-0.00001,
3626.165549,0.000003,
3628.094361,-0.000026,
3630.023172,-0.00005,
3631.951984,-0.000085,
3633.880795,-0.000066,
3635.809607,-0.000041,
3637.738418,-0.00008,
3639.66723,-0.000088,
3641.596041,-0.000092,
3643.524852,-0.000076,
3645.453664,-0.000008,
3647.382475,0.000013,
3649.311287,0.000021,
3651.240098,0.00002,
3653.16891,-0.000035,
3655.097721,-0.000053,
3657.026533,-0.000011,
3658.955344,0.00001,
3660.884156,0.000006,
3662.812967,0.000033,
3664.741779,0.000039,
3666.67059,0.000027,
3668.599401,0.000035,
3670.528213,-0.000016,
3672.457024,-0.000023,
3674.385836,0.000066,
3676.314647,0.00009,
3678.243459,0.000054,
3680.17227,0.00004,
3682.101082,0.000046,
3684.029893,0.000037,
3685.958705,0.000048,
3687.887516,0.000128,
3689.816328,0.000139,
3691.745139,0.000055,
3693.673951,0.00001,
3695.602762,-0.000001,
3697.531573,0.000003,
3699.460385,0.000025,
3701.389196,0.000009,
3703.318008,-0.000006,
3705.246819,0.000034,
3707.175631,0.000063,
3709.104442,0.000067,
3711.033254,0.000105,
3712.962065,0.000129,
3714.890877,0.000116,
3716.819688,0.000115,
3718.7485,0.000116,
3720.677311,0.000107,
3722.606122,0.00011,
3724.534934,0.000141,
3726.463745,0.000175,
3728.392557,0.000141,
3730.321368,0.00006,
3732.25018,0.000067,
3734.178991,0.000184,
3736.107803,0.000237,
3738.036614,0.000116,
3739.965426,0.000015,
3741.894237,0.000085,
3743.823049,0.000161,
3745.75186,0.000163,
3747.680671,0.000167,
3749.609483,0.000172,
3751.538294,0.000198,
3753.467106,0.000203,
3755.395917,0.000177,
3757.324729,0.000188,
3759.25354,0.00018,
3761.182352,0.000149,
3763.111163,0.000147,
3765.039975,0.000159,
3766.968786,0.000188,
3768.897598,0.000185,
3770.826409,0.000136,
3772.75522,0.000111,
3774.684032,0.000115,
3776.612843,0.000156,
3778.541655,0.000221,
3780.470466,0.000165,
3782.399278,0.000062,
3784.328089,0.000123,
3786.256901,0.000168,
3788.185712,0.000111,
3790.114524,0.0001,
3792.043335,0.000046,
3793.972147,-0.000008,
3795.900958,0.000012,
3797.829769,0.000028,
3799.758581,0.000119,